,HC,SA
0,0.9587734319309242,2.0264869157863528
1,0.711357940503378,1.902031312824759
