,HC,SA
0,1.1270431419932057,0.41819458947126276
1,0.6687414720911642,0.4693284031644733
2,1.614889703880923,2.199025083713147
3,1.0388090128406609,1.9252444069147872
