,HC,SA
0,1.8562769593900843,1.7240274796034094
1,0.5448403570724751,2.028264693597735
