,HC,SA
0,1.6133024300378493,1.818529032790741
1,0.6100379760491328,3.0397722680319967
2,1.0858896891373737,0.8931528064042247
3,0.8948249574311569,3.208236738692561
