,HC,SA,GA
0,2.1457361720522696,2.153022569730577,0.5553792121306279
