,HC,SA,GA
0,1.9965393684126749,2.2000323591526483,0.6071807847576037
