,HC_mean,HC_std,SA_mean,SA_std
0,2.0973241420192363,0.009279679646719526,0.7869251677273936,0.7931545408043766
