,HC_mean,HC_std,SA_mean,SA_std
0,1.8920813478430298,0.026901787811629826,0.667380489861656,0.06987819883325261
