,HC_mean,HC_std,SA_mean,SA_std
0,1.3024655092312472,0.00914896371954262,0.5372869838896152,0.12508143065054908
