,HC_mean,HC_std,SA_mean,SA_std
0,2.3523438501046754,0.006371930901901845,1.0421694519822768,0.021509121681065176
