,RMSE,MAE
0,1.2135449194340282,1.4188224697325675
1,0.6142950040945729,0.784357216820097
2,1.4883350279584917,1.4685815635830708
3,1.0084226173708863,1.2599095516396037
