,SAlow,SAhigh,SAlowloop,SAhighloop
0,2.583927329582653,2.583927329582653,2.583927329582653,2.583927329582653
