,HC,SA
0,0.8369530570975567,1.1368297848026356
1,0.42887809392937126,0.5352726609234059
2,1.9404372566968504,1.5035074541599156
3,0.9910092498066183,0.952430906864467
