,HC,SA
0,0.7821604110715803,0.8473880844840435
1,0.3685162561143116,0.4364524736290395
2,2.049759379787754,2.041469298535647
3,1.0408684778478354,1.1918638955571035
